name,date,size,link,video,all,best,description
normal people speed draw,2020 - 11 - 27," ",normal people speed draw.jpg,True,False,False," "
head shot speed draw,2020 - 11 - 27," ",head shot speed draw.jpg,True,False,False," "
happy face speed draw,2020 - 11 - 28," ",happy face speed draw.jpg,True,False,False," "
happy girl speed draw,2020 - 11 - 25," ",happy girl speed draw.jpg,True,False,False," "
king,2020 - 12 - 12,2868 x 3825,king.jpeg,False,True,False," "
lapsus,2020 - 12 - 08,2715 x 3566,lapsus.jpeg,False,True,False," "
headache,2020 - 12 - 03,1895 x 2048,headache.jpg,False,True,False," "
eye,2020 - 11 - 28,768 x 768,eye.jpg,False,True,False," "
happy face,2020 - 11 - 28,2500 x 2500,happy face.jpg,False,True,True," "
happy girl,2020 - 11 - 25,2998 x 2996,happy girl.jpg,False,True,False," "
normal people,2020 - 11 - 25,2000 x 2600,normal people.jpg,False,True,True," "
stalker,2020 - 11 - 25,1800 x 1800,stalker.jpeg,False,True,True," "
night vision,2020 - 11 - 23,2000 x 2500,night vision.jpg,False,True,False," "
portal,2020 - 11 - 18,2000 x 2500,portal.jpg,False,True,False," "
ferid,2020 - 11 - 16,1586 x 2048,ferid.jpg,False,True,False," "
mikaela,2020 - 11 - 16,1588 x 2048,mikaela.jpg,False,True,False," "
hungry,2020 - 11 - 16,2048 x 1590,hungry.jpg,False,True,False," "
happy clown,2020 - 11 - 15,1763 x 2048,happy clown.jpg,False,True,False," "
mime,2020 - 11 - 14,1582 x 2048,mime.jpg,False,True,True," "
poe,2020 - 11 - 14,1424 x 2048,poe.jpg,False,True,False," "
beautiful eyes,2020 - 11 - 10,2200 x 2800,beautiful eyes.jpg,False,True,True," "
reminiscence,2020 - 11 - 08,2200 x 2800,reminiscence.jpg,False,True,True," "
head shot,2020 - 11 - 08,2200 x 2800,head shot.jpg,False,True,True," "
mask,2020 - 11 - 07,1476 x 2048,mask.jpg,False,True,False," "
aristocrat,2020 - 11 - 07,1343 x 2048,aristocrat.jpg,False,True,False," "
chest,2020 - 11 - 07,1612 x 2048,chest.jpg,False,True,False," "
mien,2020 - 11 - 07,1200 x 2048,mien.jpg,False,True,False," "
tks,2020 - 11 - 07,1459 x 2048,tks.jpg,False,True,False," "
perfect torso,2020 - 10 - 25,1630 x 2048,perfect torso.jpg,False,True,False," "
painless ears,2020 - 10 - 24,1967 x 1968,painless ears.jpg,False,True,True," "
stalker sketch,2020 - 10 - 14,2048 x 1796,stalker sketch.jpg,False,True,False," "
ken,2020 - 10 - 11,1000 x 1200,ken.jpg,False,True,False," "
delator,2020 - 10 - 11,2000 x 2048,delator.jpg,False,True,False," "
grey,2020 - 09 - 16,768 x 768,grey.png,False,True,True," "
bored,2020 - 09 - 10,1639 x 2015,bored.jpg,False,True,False," "
faceless king,2020 - 09 - 06,1522 x 2015,faceless king.jpg,False,True,False," "
awareness,2020 - 09 - 02,1367 x 2015,awareness.jpg,False,True,True," "
collage,2020 - 08 - 19,1440 x 1440,collage.jpg,False,True,True," "
chromatic,2020 - 08 - 18,1498 x 2015,chromatic.jpg,False,True,False," "
suicidal,2020 - 08 - 13,1587 x 2015,suicidal.jpg,False,True,False," "
bload eater,2020 - 08 - 12,1440 x 2015,bload eater.jpg,False,True,True," "
cartoon,2020 - 07 - 31,978 x 990,cartoon.jpg,False,True,False," "
paranoia,2020 - 07 - 28,1363 x 2015,paranoia.jpg,False,True,False," "
Cotard,2020 - 06 - 26,1440 x 1391,Cotard.jpg,False,True,False," "
nihilism,2020 - 06 - 25,1502 x 2015,nihilism.jpg,False,True,False," "
myopia,2020 - 06 - 10,1594 x 2015,myopia.jpg,False,True,True," "
astigmatism,2020 - 05 - 31,1421 x 2015,astigmatism.jpg,False,True,False," "
ooze,2020 - 05 - 20,1186 x 2015,ooze.jpg,False,True,False," "
Georgie,2020 - 05 - 16,1191 x 2015,Georgie.jpg,False,True,False," "
nasal bleeding,2020 - 05 - 13,1431 x 2015,nasal bleeding.jpg,False,True,False," "
psychosis,2020 - 05 - 05,1768 x 2015,psychosis.jpg,False,True,True," "
ribs,2020 - 05 - 03,1398 x 2015,ribs.jpg,False,True,False," "
blind,2020 - 05 - 03,1632 x 2015,blind.jpg,False,True,False," "
mime beta,2020 - 04 - 28,1591 x 2048,mime beta.jpg,False,True,False," "
a.h.,2020 - 04 - 15,1309 x 2015,a.h..jpg,False,True,False," "
disappointment,2020 - 04 - 08,1386 x 2015,disappointment.jpg,False,True,True," "
ears,2020 - 03 - 12,1579 x 2015,ears.jpg,False,True,False," "
deer,2019 - 12 - 08,1268 x 2015,deer.jpg,False,True,False," "
dog,2019 - 09 - 12,640 x 1385,dog.jpg,False,True,False," "
